Token Address,Profit,Time
HDspTZ66xuhmRfeb6bQpmftcRsmQsNYcxVPXBZj8bmPX,-0.0001,Thu Apr 04 2024 06:02:56 GMT-0700 (Pacific Daylight Time)
HDspTZ66xuhmRfeb6bQpmftcRsmQsNYcxVPXBZj8bmPX,-0.0001,Thu Apr 04 2024 06:03:26 GMT-0700 (Pacific Daylight Time)
HDspTZ66xuhmRfeb6bQpmftcRsmQsNYcxVPXBZj8bmPX,-0.0001,Thu Apr 04 2024 06:03:36 GMT-0700 (Pacific Daylight Time)
HDspTZ66xuhmRfeb6bQpmftcRsmQsNYcxVPXBZj8bmPX,-0.0001,Thu Apr 04 2024 06:05:40 GMT-0700 (Pacific Daylight Time)
HDspTZ66xuhmRfeb6bQpmftcRsmQsNYcxVPXBZj8bmPX,-0.0001,Thu Apr 04 2024 06:06:10 GMT-0700 (Pacific Daylight Time)
HDspTZ66xuhmRfeb6bQpmftcRsmQsNYcxVPXBZj8bmPX,-0.0001,Thu Apr 04 2024 06:06:20 GMT-0700 (Pacific Daylight Time)
HDspTZ66xuhmRfeb6bQpmftcRsmQsNYcxVPXBZj8bmPX,-0.0001,Thu Apr 04 2024 06:10:37 GMT-0700 (Pacific Daylight Time)
HDspTZ66xuhmRfeb6bQpmftcRsmQsNYcxVPXBZj8bmPX,-0.0001,Thu Apr 04 2024 06:11:07 GMT-0700 (Pacific Daylight Time)
HDspTZ66xuhmRfeb6bQpmftcRsmQsNYcxVPXBZj8bmPX,-0.0001,Thu Apr 04 2024 06:11:18 GMT-0700 (Pacific Daylight Time)
HDspTZ66xuhmRfeb6bQpmftcRsmQsNYcxVPXBZj8bmPX,-0.0001,Thu Apr 04 2024 06:12:25 GMT-0700 (Pacific Daylight Time)
HDspTZ66xuhmRfeb6bQpmftcRsmQsNYcxVPXBZj8bmPX,-0.0001,Thu Apr 04 2024 06:15:22 GMT-0700 (Pacific Daylight Time)
HDspTZ66xuhmRfeb6bQpmftcRsmQsNYcxVPXBZj8bmPX,-0.0001,Thu Apr 04 2024 06:15:52 GMT-0700 (Pacific Daylight Time)
HDspTZ66xuhmRfeb6bQpmftcRsmQsNYcxVPXBZj8bmPX,-0.0001,Thu Apr 04 2024 06:16:02 GMT-0700 (Pacific Daylight Time)
HDspTZ66xuhmRfeb6bQpmftcRsmQsNYcxVPXBZj8bmPX,-0.0001,Thu Apr 04 2024 06:22:32 GMT-0700 (Pacific Daylight Time)
HDspTZ66xuhmRfeb6bQpmftcRsmQsNYcxVPXBZj8bmPX,-0.0001,Thu Apr 04 2024 06:23:02 GMT-0700 (Pacific Daylight Time)
HDspTZ66xuhmRfeb6bQpmftcRsmQsNYcxVPXBZj8bmPX,-0.0001,Thu Apr 04 2024 06:26:59 GMT-0700 (Pacific Daylight Time)
HDspTZ66xuhmRfeb6bQpmftcRsmQsNYcxVPXBZj8bmPX,-0.0001,Thu Apr 04 2024 06:27:29 GMT-0700 (Pacific Daylight Time)
HDspTZ66xuhmRfeb6bQpmftcRsmQsNYcxVPXBZj8bmPX,-0.0001,Thu Apr 04 2024 06:34:40 GMT-0700 (Pacific Daylight Time)
HDspTZ66xuhmRfeb6bQpmftcRsmQsNYcxVPXBZj8bmPX,-0.0001,Thu Apr 04 2024 06:34:41 GMT-0700 (Pacific Daylight Time)
HDspTZ66xuhmRfeb6bQpmftcRsmQsNYcxVPXBZj8bmPX,-0.0001,Thu Apr 04 2024 06:34:53 GMT-0700 (Pacific Daylight Time)
HDspTZ66xuhmRfeb6bQpmftcRsmQsNYcxVPXBZj8bmPX,-0.0001,Thu Apr 04 2024 06:44:38 GMT-0700 (Pacific Daylight Time)
HDspTZ66xuhmRfeb6bQpmftcRsmQsNYcxVPXBZj8bmPX,-0.0001,Thu Apr 04 2024 06:44:39 GMT-0700 (Pacific Daylight Time)
HDspTZ66xuhmRfeb6bQpmftcRsmQsNYcxVPXBZj8bmPX,-0.0001,Thu Apr 04 2024 06:44:51 GMT-0700 (Pacific Daylight Time)
HDspTZ66xuhmRfeb6bQpmftcRsmQsNYcxVPXBZj8bmPX,-0.0001,Thu Apr 04 2024 06:45:03 GMT-0700 (Pacific Daylight Time)
HDspTZ66xuhmRfeb6bQpmftcRsmQsNYcxVPXBZj8bmPX,-0.0001,Thu Apr 04 2024 06:45:15 GMT-0700 (Pacific Daylight Time)
HDspTZ66xuhmRfeb6bQpmftcRsmQsNYcxVPXBZj8bmPX,-0.0001,Thu Apr 04 2024 06:45:27 GMT-0700 (Pacific Daylight Time)
HDspTZ66xuhmRfeb6bQpmftcRsmQsNYcxVPXBZj8bmPX,-0.0001,Thu Apr 04 2024 06:46:04 GMT-0700 (Pacific Daylight Time)
HDspTZ66xuhmRfeb6bQpmftcRsmQsNYcxVPXBZj8bmPX,-0.0001,Thu Apr 04 2024 06:46:06 GMT-0700 (Pacific Daylight Time)
HDspTZ66xuhmRfeb6bQpmftcRsmQsNYcxVPXBZj8bmPX,-0.0001,Thu Apr 04 2024 06:46:30 GMT-0700 (Pacific Daylight Time)
HDspTZ66xuhmRfeb6bQpmftcRsmQsNYcxVPXBZj8bmPX,-0.0001,Thu Apr 04 2024 06:46:54 GMT-0700 (Pacific Daylight Time)
